insert into parcela values (1001,100,5,4);
insert into parcela values (1002,60,2,4);
insert into parcela values (1003,20,1,4);
insert into parcela values (1004,100,3,4);
insert into parcela values (1005,60,4,4);

insert into lot values (10011,1001,25,2,false,false,'Sol_copaci_inalti',20,50);
insert into lot values (10012,1001,25,2,false,false,'Sol_copaci_inalti',25,60);
insert into lot values (10013,1001,25,2,false,false,'Sol_copaci_inalti',30,80);
insert into lot values (10014,1001,25,2,false,false,'Sol_copaci_inalti',10,30);
insert into lot values (10021,1002,15,3,true,false,'Sol_buruieni',20,50);
insert into lot values (10022,1002,15,3,true,false,'Sol_buruieni',25,60);
insert into lot values (10023,1002,15,3,true,false,'Sol_buruieni',30,80);
insert into lot values (10024,1002,15,3,true,false,'Sol_buruieni',10,30);
insert into lot values (10031,1003,5,5,true,false,'Sol_flori',20,50);
insert into lot values (10032,1003,5,5,true,false,'Sol_flori',25,60);
insert into lot values (10033,1003,5,5,true,false,'Sol_flori',30,80);
insert into lot values (10034,1003,5,5,true,false,'Sol_flori',10,30);
insert into lot values (10041,1004,25,2,false,true,'Sol_copaci_exotici',20,50);
insert into lot values (10042,1004,25,2,false,true,'Sol_copaci_exotici',25,60);
insert into lot values (10043,1004,25,2,false,true,'Sol_copaci_exotici',30,80);
insert into lot values (10044,1004,25,2,false,true,'Sol_copaci_exotici',10,30);
insert into lot values (10051,1005,15,3,false,false,'Sol_copaci_pitici',20,50);
insert into lot values (10052,1005,15,3,false,false,'Sol_copaci_pitici',25,60);
insert into lot values (10053,1005,15,3,false,false,'Sol_copaci_pitici',30,80);
insert into lot values (10054,1005,15,3,false,false,'Sol_copaci_pitici',10,30);

insert into ingrijitori values(901,'Ingrijitor901',912,'01/01/1969','Masculin','Ingrijitor');
insert into ingrijitori values(902,'Ingrijitor902',912,'08/02/1963','Masculin','Ingrijitor');
insert into ingrijitori values(903,'Ingrijitor903',912,'03/04/1972','Masculin','Ingrijitor');
insert into ingrijitori values(904,'Ingrijitor904',912,'12/06/1972','Feminin','Ingrijitor');
insert into ingrijitori values(905,'Ingrijitor905',912,'05/01/1975','Masculin','Ingrijitor');
insert into ingrijitori values(906,'Ingrijitor906',912,'06/01/1978','Masculin','Ingrijitor');
insert into ingrijitori values(907,'Ingrijitor907',912,'07/07/1979','Feminin','Ingrijitor');
insert into ingrijitori values(908,'Ingrijitor908',912,'11/07/1969','Masculin','Ingrijitor');
insert into ingrijitori values(909,'Ingrijitor909',912,'09/02/1969','Feminin','Ingrijitor');
insert into ingrijitori values(910,'Ingrijitor910',912,'10/08/1970','Masculin','Ingrijitor');
insert into ingrijitori values(911,'Ingrijitor911',912,'11/06/1970','Masculin','Ingrijitor');
insert into ingrijitori values(912,'Ingrijitor912',912,'12/08/1975','Masculin','Ingrijitor superior');
insert into ingrijitori values(913,'Ingrijitor913',924,'01/01/1969','Masculin','Ingrijitor');
insert into ingrijitori values(914,'Ingrijitor914',924,'02/02/1963','Masculin','Ingrijitor');
insert into ingrijitori values(915,'Ingrijitor915',924,'03/04/1972','Feminin','Ingrijitor');
insert into ingrijitori values(916,'Ingrijitor916',924,'06/06/1972','Feminin','Ingrijitor');
insert into ingrijitori values(917,'Ingrijitor917',924,'05/01/1975','Masculin','Ingrijitor');
insert into ingrijitori values(918,'Ingrijitor918',924,'10/01/1978','Masculin','Ingrijitor');
insert into ingrijitori values(919,'Ingrijitor919',924,'07/07/1979','Feminin','Ingrijitor');
insert into ingrijitori values(920,'Ingrijitor920',924,'12/07/1969','Feminin','Ingrijitor');
insert into ingrijitori values(921,'Ingrijitor921',924,'11/02/1969','Feminin','Ingrijitor');
insert into ingrijitori values(922,'Ingrijitor922',924,'10/08/1970','Masculin','Ingrijitor');
insert into ingrijitori values(923,'Ingrijitor923',924,'11/06/1970','Masculin','Ingrijitor');
insert into ingrijitori values(924,'Ingrijitor924',924,'12/08/1975','Masculin','Ingrijitor superior');
insert into ingrijitori values(925,'Ingrijitor925',936,'01/01/1969','Masculin','Ingrijitor');
insert into ingrijitori values(926,'Ingrijitor926',936,'12/02/1963','Masculin','Ingrijitor');
insert into ingrijitori values(927,'Ingrijitor927',936,'03/04/1972','Masculin','Ingrijitor');
insert into ingrijitori values(928,'Ingrijitor928',936,'04/06/1972','Feminin','Ingrijitor');
insert into ingrijitori values(929,'Ingrijitor929',936,'05/01/1975','Masculin','Ingrijitor');
insert into ingrijitori values(930,'Ingrijitor930',936,'06/01/1978','Masculin','Ingrijitor');
insert into ingrijitori values(931,'Ingrijitor931',936,'11/07/1979','Masculin','Ingrijitor');
insert into ingrijitori values(932,'Ingrijitor932',936,'08/07/1969','Masculin','Ingrijitor');
insert into ingrijitori values(933,'Ingrijitor933',936,'11/02/1969','Masculin','Ingrijitor');
insert into ingrijitori values(934,'Ingrijitor934',936,'10/08/1970','Masculin','Ingrijitor');
insert into ingrijitori values(935,'Ingrijitor935',936,'10/06/1970','Feminin','Ingrijitor');
insert into ingrijitori values(936,'Ingrijitor936',936,'12/08/1975','Feminin','Ingrijitor superior');
insert into ingrijitori values(937,'Ingrijitor937',948,'01/01/1969','Masculin','Ingrijitor');
insert into ingrijitori values(938,'Ingrijitor938',948,'02/02/1963','Masculin','Ingrijitor');
insert into ingrijitori values(939,'Ingrijitor939',948,'03/04/1972','Masculin','Ingrijitor');
insert into ingrijitori values(940,'Ingrijitor940',948,'04/06/1972','Feminin','Ingrijitor');
insert into ingrijitori values(941,'Ingrijitor941',948,'05/01/1975','Masculin','Ingrijitor');
insert into ingrijitori values(942,'Ingrijitor942',948,'06/01/1978','Masculin','Ingrijitor');
insert into ingrijitori values(943,'Ingrijitor943',948,'07/07/1979','Feminin','Ingrijitor');
insert into ingrijitori values(944,'Ingrijitor944',948,'08/07/1969','Masculin','Ingrijitor');
insert into ingrijitori values(945,'Ingrijitor945',948,'11/02/1969','Feminin','Ingrijitor');
insert into ingrijitori values(946,'Ingrijitor946',948,'10/08/1970','Masculin','Ingrijitor');
insert into ingrijitori values(947,'Ingrijitor947',948,'11/06/1970','Masculin','Ingrijitor');
insert into ingrijitori values(948,'Ingrijitor948',948,'12/08/1975','Feminin','Ingrijitor superior');
insert into ingrijitori values(949,'Ingrijitor949',960,'01/01/1969','Masculin','Ingrijitor');
insert into ingrijitori values(950,'Ingrijitor950',960,'02/02/1963','Masculin','Ingrijitor');
insert into ingrijitori values(951,'Ingrijitor951',960,'03/04/1972','Masculin','Ingrijitor');
insert into ingrijitori values(952,'Ingrijitor952',960,'04/06/1972','Feminin','Ingrijitor');
insert into ingrijitori values(953,'Ingrijitor953',960,'12/03/1975','Feminin','Ingrijitor');
insert into ingrijitori values(954,'Ingrijitor954',960,'06/01/1978','Masculin','Ingrijitor');
insert into ingrijitori values(955,'Ingrijitor955',960,'07/07/1979','Masculin','Ingrijitor');
insert into ingrijitori values(956,'Ingrijitor956',960,'08/05/1969','Masculin','Ingrijitor');
insert into ingrijitori values(957,'Ingrijitor957',960,'11/05/1969','Feminin','Ingrijitor');
insert into ingrijitori values(958,'Ingrijitor958',960,'10/08/1970','Masculin','Ingrijitor');
insert into ingrijitori values(959,'Ingrijitor959',960,'11/06/1970','Masculin','Ingrijitor');
insert into ingrijitori values(960,'Ingrijitor960',960,'10/08/1975','Feminin','Ingrijitor superior');

insert into ingrijitori_loturi values (10011,901);
insert into ingrijitori_loturi values (10011,902);
insert into ingrijitori_loturi values (10011,903);
insert into ingrijitori_loturi values (10012,904);
insert into ingrijitori_loturi values (10012,905);
insert into ingrijitori_loturi values (10012,906);
insert into ingrijitori_loturi values (10013,907);
insert into ingrijitori_loturi values (10013,908);
insert into ingrijitori_loturi values (10013,909);
insert into ingrijitori_loturi values (10014,910);
insert into ingrijitori_loturi values (10014,911);
insert into ingrijitori_loturi values (10014,912);
insert into ingrijitori_loturi values (10021,913);
insert into ingrijitori_loturi values (10021,914);
insert into ingrijitori_loturi values (10021,915);
insert into ingrijitori_loturi values (10022,916);
insert into ingrijitori_loturi values (10022,917);
insert into ingrijitori_loturi values (10022,918);
insert into ingrijitori_loturi values (10023,919);
insert into ingrijitori_loturi values (10023,920);
insert into ingrijitori_loturi values (10023,921);
insert into ingrijitori_loturi values (10024,922);
insert into ingrijitori_loturi values (10024,923);
insert into ingrijitori_loturi values (10024,924);
insert into ingrijitori_loturi values (10031,925);
insert into ingrijitori_loturi values (10031,926);
insert into ingrijitori_loturi values (10031,927);
insert into ingrijitori_loturi values (10032,928);
insert into ingrijitori_loturi values (10032,929);
insert into ingrijitori_loturi values (10032,930);
insert into ingrijitori_loturi values (10033,931);
insert into ingrijitori_loturi values (10033,932);
insert into ingrijitori_loturi values (10033,933);
insert into ingrijitori_loturi values (10034,934);
insert into ingrijitori_loturi values (10034,935);
insert into ingrijitori_loturi values (10034,936);
insert into ingrijitori_loturi values (10041,937);
insert into ingrijitori_loturi values (10041,938);
insert into ingrijitori_loturi values (10041,939);
insert into ingrijitori_loturi values (10042,940);
insert into ingrijitori_loturi values (10042,941);
insert into ingrijitori_loturi values (10042,942);
insert into ingrijitori_loturi values (10043,943);
insert into ingrijitori_loturi values (10043,944);
insert into ingrijitori_loturi values (10043,945);
insert into ingrijitori_loturi values (10044,946);
insert into ingrijitori_loturi values (10044,947);
insert into ingrijitori_loturi values (10044,948);
insert into ingrijitori_loturi values (10051,949);
insert into ingrijitori_loturi values (10051,950);
insert into ingrijitori_loturi values (10051,951);
insert into ingrijitori_loturi values (10052,952);
insert into ingrijitori_loturi values (10052,953);
insert into ingrijitori_loturi values (10052,954);
insert into ingrijitori_loturi values (10053,955);
insert into ingrijitori_loturi values (10053,956);
insert into ingrijitori_loturi values (10053,957);
insert into ingrijitori_loturi values (10054,958);
insert into ingrijitori_loturi values (10054,959);
insert into ingrijitori_loturi values (10054,960);

insert into specii values (700,'SpecieCopacInalt700','CopacusInaltus1',61,'RadacinaCopacusInaltus1','FrunzaCopacusInaltus1','FructDulce','Polenizare1');
insert into specii values (701,'SpecieCopacInalt701','CopacusInaltus2',26,'RadacinaCopacusInaltus2','FrunzaCopacusInaltus2','FructAmar','Polenizare2');
insert into specii values (702,'SpecieCopacExotic702','CopacusExoticus1',88,'RadacinaCopacusExoticus1','FrunzaCopacusExoticus1','FructDulce','Polenizare1');
insert into specii values (703,'SpecieCopacExotic703','CopacusExoticus2',101,'RadacinaCopacusExoticus2','FrunzaCopacusExoticus2','FructAmar','Polenizare3');
insert into specii values (704,'SpecieCopacPitic704','CopacusPiticus1',23,'RadacinaCopacusPiticus1','FrunzaCopacusPiticus1','FructDulce','Polenizare2');
insert into specii values (705,'SpecieCopacPitic705','CopacusPiticus2',27,'RadacinaCopacusPiticus2','FrunzaCopacusPiticus2','FructAmar','Polenizare5');
insert into specii values (706,'SpecieFlori706','Florus1',150,'RadacinaFlorus1','FrunzaFlorus1','FructDulce','Polenizare1');
insert into specii values (707,'SpecieFlori707','Florus2',160,'RadacinaFlorus2','FrunzaFlorus2','FructAmar','Polenizare1');
insert into specii values (708,'SpecieFlori708','Florus3',78,'RadacinaFlorus3','FrunzaFlorus3','FructDulce','Polenizare1');
insert into specii values (709,'SpecieBuruieni709','Buruienus1',50,'RadacinaBuruienus1','FrunzaBuruienus1','FructDulce','Polenizare3');
insert into specii values (710,'SpecieBuruieni710','Buruienus2',50,'RadacinaBuruienus2','FrunzaBuruienus2','FructDulce','Polenizare4');

insert into plante values (501,10011,700,10,5,'10/10/1980');
insert into plante values (502,10011,700,10,5,'10/10/1980');
insert into plante values (503,10012,700,10,5,'10/10/1980');
insert into plante values (504,10012,700,10,5,'10/10/1980');
insert into plante values (505,10013,701,10,5,'10/10/1980');
insert into plante values (506,10013,701,10,5,'10/10/1980');
insert into plante values (507,10014,701,10,5,'10/10/1980');
insert into plante values (508,10014,701,10,5,'10/10/1980');
insert into plante values (509,10021,709,2,2,'10/10/1981');
insert into plante values (510,10021,709,2,2,'10/10/1981');
insert into plante values (511,10021,709,2,2,'10/10/1982');
insert into plante values (512,10022,709,2,2,'10/10/1983');
insert into plante values (513,10022,709,2,2,'10/10/1981');
insert into plante values (514,10022,709,2,2,'10/10/1985');
insert into plante values (515,10023,710,3,2,'10/10/1984');
insert into plante values (516,10023,710,3,2,'10/10/1982');
insert into plante values (517,10023,710,3,2,'10/10/1983');
insert into plante values (518,10024,710,3,2,'10/10/1983');
insert into plante values (519,10024,710,3,2,'10/10/1983');
insert into plante values (520,10024,710,3,2,'10/10/1981');
insert into plante values (521,10031,706,1,1,'10/10/1981');
insert into plante values (522,10031,706,1,1,'10/10/1981');
insert into plante values (523,10031,706,1,1,'10/10/1987');
insert into plante values (524,10031,706,1,1,'10/10/1988');
insert into plante values (525,10031,706,1,1,'10/10/1988');
insert into plante values (526,10032,706,1,1,'10/10/1988');
insert into plante values (527,10032,706,1,1,'10/10/1990');
insert into plante values (528,10032,706,1,1,'10/10/1990');
insert into plante values (529,10032,706,1,1,'10/10/1990');
insert into plante values (530,10032,706,1,1,'10/10/1992');
insert into plante values (531,10033,707,1,1,'10/10/1992');
insert into plante values (532,10033,707,1,1,'10/10/1995');
insert into plante values (533,10033,707,1,1,'10/10/1995');
insert into plante values (534,10033,707,1,1,'10/10/1997');
insert into plante values (535,10033,707,1,1,'10/10/1994');
insert into plante values (536,10034,707,1,1,'10/10/1985');
insert into plante values (537,10034,707,1,1,'10/10/1984');
insert into plante values (538,10034,707,1,1,'10/10/1980');
insert into plante values (539,10034,707,1,1,'10/10/1960');
insert into plante values (540,10034,707,1,1,'10/10/1980');
insert into plante values (541,10041,702,5,5,'10/10/1980');
insert into plante values (542,10041,702,5,5,'10/10/1972');
insert into plante values (543,10042,702,5,5,'10/10/1980');
insert into plante values (544,10042,702,5,5,'10/10/1981');
insert into plante values (545,10043,703,4,5,'10/10/1980');
insert into plante values (546,10043,703,4,5,'10/10/1980');
insert into plante values (547,10044,703,4,5,'10/10/1980');
insert into plante values (548,10044,703,4,5,'10/10/1980');
insert into plante values (549,10051,704,2,2,'10/10/1980');
insert into plante values (550,10051,704,2,2,'10/10/1985');
insert into plante values (551,10051,704,2,2,'10/10/1980');
insert into plante values (552,10052,704,2,2,'10/10/1980');
insert into plante values (553,10052,704,2,2,'10/10/1990');
insert into plante values (554,10052,704,2,2,'10/10/1980');
insert into plante values (555,10053,705,2,2,'10/10/1980');
insert into plante values (556,10053,705,2,2,'10/10/1990');
insert into plante values (557,10053,705,2,2,'10/10/1980');
insert into plante values (558,10054,705,2,2,'10/10/1990');
insert into plante values (559,10054,705,2,2,'10/10/1980');
insert into plante values (560,10054,705,2,2,'10/10/1980');


insert into tratamente values (600,'TratamentCopaciInalti1',10,'ChimicusInaltus');
insert into tratamente values (601,'TratamentCopaciInalti2',10,'ChimicusInaltus');
insert into tratamente values (602,'TratamentCopaciExotici1',15,'ChimicusExoticus');
insert into tratamente values (603,'TratamentCopaciExotici2',15,'ChimicusExoticus');
insert into tratamente values (604,'TratamentCopaciPitici1',7,'ChimicusPiticus');
insert into tratamente values (605,'TratamentCopaciPitici2',7,'ChimicusPiticus');
insert into tratamente values (606,'TratamentFlori1',5,'ChimicusFlorus');
insert into tratamente values (607,'TratamentFlori2',5,'ChimicusFlorus');
insert into tratamente values (608,'TratamentFlori3',5,'ChimicusFlorus');
insert into tratamente values (609,'TratamentBuruieni1',2,'ChimicusBuruienus');
insert into tratamente values (610,'TratamentBuruieni2',2,'ChimicusBuruienus');

insert into tratamente_specii values (700,600,10,'10/10/2000');
insert into tratamente_specii values (701,601,10,'10/10/2000');
insert into tratamente_specii values (702,602,15,'10/10/2001');
insert into tratamente_specii values (703,603,15,'10/10/2001');
insert into tratamente_specii values (704,604,7,'10/10/2002');
insert into tratamente_specii values (705,605,7,'10/10/2002');
insert into tratamente_specii values (706,606,5,'10/10/2005');
insert into tratamente_specii values (707,607,5,'10/10/2005');
insert into tratamente_specii values (708,608,5,'10/10/2005');
insert into tratamente_specii values (709,609,2,'10/10/2003');
insert into tratamente_specii values (710,610,2,'10/10/2003');


insert into cheltuieli values (6000,'Cheltuiala tratament',200);
insert into cheltuieli values (6001,'Cheltuiala tratament',200);
insert into cheltuieli values (6002,'Cheltuiala tratament',500);
insert into cheltuieli values (6003,'Cheltuiala tratament',500);
insert into cheltuieli values (6004,'Cheltuiala tratament',150);
insert into cheltuieli values (6005,'Cheltuiala tratament',150);
insert into cheltuieli values (6006,'Cheltuiala tratament',100);
insert into cheltuieli values (6007,'Cheltuiala tratament',100);
insert into cheltuieli values (6008,'Cheltuiala tratament',100);
insert into cheltuieli values (6009,'Cheltuiala tratament',100);
insert into cheltuieli values (6010,'Cheltuiala tratament',100);

insert into cheltuieli values (20011,'Cheltuiala lot',1000);
insert into cheltuieli values (20012,'Cheltuiala lot',1000);
insert into cheltuieli values (20013,'Cheltuiala lot',1000);
insert into cheltuieli values (20014,'Cheltuiala lot',1000);
insert into cheltuieli values (20021,'Cheltuiala lot',2000);
insert into cheltuieli values (20022,'Cheltuiala lot',2000);
insert into cheltuieli values (20023,'Cheltuiala lot',2000);
insert into cheltuieli values (20024,'Cheltuiala lot',2000);
insert into cheltuieli values (20031,'Cheltuiala lot',5000);
insert into cheltuieli values (20032,'Cheltuiala lot',5000);
insert into cheltuieli values (20033,'Cheltuiala lot',5000);
insert into cheltuieli values (20034,'Cheltuiala lot',5000);
insert into cheltuieli values (20041,'Cheltuiala lot',10000);
insert into cheltuieli values (20042,'Cheltuiala lot',10000);
insert into cheltuieli values (20043,'Cheltuiala lot',10000);
insert into cheltuieli values (20044,'Cheltuiala lot',10000);
insert into cheltuieli values (20051,'Cheltuiala lot',250);
insert into cheltuieli values (20052,'Cheltuiala lot',250);
insert into cheltuieli values (20053,'Cheltuiala lot',250);
insert into cheltuieli values (20054,'Cheltuiala lot',250);

insert into cheltuieli values (9001,'Cheltuiala ingrij',100);
insert into cheltuieli values (9002,'Cheltuiala ingrij',100);
insert into cheltuieli values (9003,'Cheltuiala ingrij',100);
insert into cheltuieli values (9004,'Cheltuiala ingrij',100);
insert into cheltuieli values (9005,'Cheltuiala ingrij',100);
insert into cheltuieli values (9006,'Cheltuiala ingrij',100);
insert into cheltuieli values (9007,'Cheltuiala ingrij',100);
insert into cheltuieli values (9008,'Cheltuiala ingrij',100);
insert into cheltuieli values (9009,'Cheltuiala ingrij',100);
insert into cheltuieli values (9010,'Cheltuiala ingrij',100);
insert into cheltuieli values (9011,'Cheltuiala ingrij',100);
insert into cheltuieli values (9012,'Cheltuiala ingrij',200);
insert into cheltuieli values (9013,'Cheltuiala ingrij',100);
insert into cheltuieli values (9014,'Cheltuiala ingrij',100);
insert into cheltuieli values (9015,'Cheltuiala ingrij',100);
insert into cheltuieli values (9016,'Cheltuiala ingrij',100);
insert into cheltuieli values (9017,'Cheltuiala ingrij',100);
insert into cheltuieli values (9018,'Cheltuiala ingrij',100);
insert into cheltuieli values (9019,'Cheltuiala ingrij',100);
insert into cheltuieli values (9020,'Cheltuiala ingrij',100);
insert into cheltuieli values (9021,'Cheltuiala ingrij',100);
insert into cheltuieli values (9022,'Cheltuiala ingrij',100);
insert into cheltuieli values (9023,'Cheltuiala ingrij',100);
insert into cheltuieli values (9024,'Cheltuiala ingrij',200);
insert into cheltuieli values (9025,'Cheltuiala ingrij',100);
insert into cheltuieli values (9026,'Cheltuiala ingrij',100);
insert into cheltuieli values (9027,'Cheltuiala ingrij',100);
insert into cheltuieli values (9028,'Cheltuiala ingrij',100);
insert into cheltuieli values (9029,'Cheltuiala ingrij',100);
insert into cheltuieli values (9030,'Cheltuiala ingrij',100);
insert into cheltuieli values (9031,'Cheltuiala ingrij',100);
insert into cheltuieli values (9032,'Cheltuiala ingrij',100);
insert into cheltuieli values (9033,'Cheltuiala ingrij',100);
insert into cheltuieli values (9034,'Cheltuiala ingrij',100);
insert into cheltuieli values (9035,'Cheltuiala ingrij',100);
insert into cheltuieli values (9036,'Cheltuiala ingrij',200);
insert into cheltuieli values (9037,'Cheltuiala ingrij',100);
insert into cheltuieli values (9038,'Cheltuiala ingrij',100);
insert into cheltuieli values (9039,'Cheltuiala ingrij',100);
insert into cheltuieli values (9040,'Cheltuiala ingrij',100);
insert into cheltuieli values (9041,'Cheltuiala ingrij',100);
insert into cheltuieli values (9042,'Cheltuiala ingrij',100);
insert into cheltuieli values (9043,'Cheltuiala ingrij',100);
insert into cheltuieli values (9044,'Cheltuiala ingrij',100);
insert into cheltuieli values (9045,'Cheltuiala ingrij',100);
insert into cheltuieli values (9046,'Cheltuiala ingrij',100);
insert into cheltuieli values (9047,'Cheltuiala ingrij',100);
insert into cheltuieli values (9048,'Cheltuiala ingrij',200);
insert into cheltuieli values (9049,'Cheltuiala ingrij',100);
insert into cheltuieli values (9050,'Cheltuiala ingrij',100);
insert into cheltuieli values (9051,'Cheltuiala ingrij',100);
insert into cheltuieli values (9052,'Cheltuiala ingrij',100);
insert into cheltuieli values (9053,'Cheltuiala ingrij',100);
insert into cheltuieli values (9054,'Cheltuiala ingrij',100);
insert into cheltuieli values (9055,'Cheltuiala ingrij',100);
insert into cheltuieli values (9056,'Cheltuiala ingrij',100);
insert into cheltuieli values (9057,'Cheltuiala ingrij',100);
insert into cheltuieli values (9058,'Cheltuiala ingrij',100);
insert into cheltuieli values (9059,'Cheltuiala ingrij',100);
insert into cheltuieli values (9060,'Cheltuiala ingrij',200);

insert into cheltuieli_loturi values (10011,20011);
insert into cheltuieli_loturi values (10012,20012);
insert into cheltuieli_loturi values (10013,20013);
insert into cheltuieli_loturi values (10014,20014);
insert into cheltuieli_loturi values (10021,20021);
insert into cheltuieli_loturi values (10022,20022);
insert into cheltuieli_loturi values (10023,20023);
insert into cheltuieli_loturi values (10024,20024);
insert into cheltuieli_loturi values (10031,20031);
insert into cheltuieli_loturi values (10032,20032);
insert into cheltuieli_loturi values (10033,20033);
insert into cheltuieli_loturi values (10034,20034);
insert into cheltuieli_loturi values (10041,20041);
insert into cheltuieli_loturi values (10042,20042);
insert into cheltuieli_loturi values (10043,20043);
insert into cheltuieli_loturi values (10044,20044);
insert into cheltuieli_loturi values (10051,20051);
insert into cheltuieli_loturi values (10052,20052);
insert into cheltuieli_loturi values (10053,20053);
insert into cheltuieli_loturi values (10054,20054);

insert into cheltuieli_ingrijitori values (901,9001);
insert into cheltuieli_ingrijitori values (902,9002);
insert into cheltuieli_ingrijitori values (903,9003);
insert into cheltuieli_ingrijitori values (904,9004);
insert into cheltuieli_ingrijitori values (905,9005);
insert into cheltuieli_ingrijitori values (906,9006);
insert into cheltuieli_ingrijitori values (907,9007);
insert into cheltuieli_ingrijitori values (908,9008);
insert into cheltuieli_ingrijitori values (909,9009);
insert into cheltuieli_ingrijitori values (910,9010);
insert into cheltuieli_ingrijitori values (911,9011);
insert into cheltuieli_ingrijitori values (912,9012);
insert into cheltuieli_ingrijitori values (913,9013);
insert into cheltuieli_ingrijitori values (914,9014);
insert into cheltuieli_ingrijitori values (915,9015);
insert into cheltuieli_ingrijitori values (916,9016);
insert into cheltuieli_ingrijitori values (917,9017);
insert into cheltuieli_ingrijitori values (918,9018);
insert into cheltuieli_ingrijitori values (919,9019);
insert into cheltuieli_ingrijitori values (920,9020);
insert into cheltuieli_ingrijitori values (921,9021);
insert into cheltuieli_ingrijitori values (922,9022);
insert into cheltuieli_ingrijitori values (923,9023);
insert into cheltuieli_ingrijitori values (924,9024);
insert into cheltuieli_ingrijitori values (925,9025);
insert into cheltuieli_ingrijitori values (926,9026);
insert into cheltuieli_ingrijitori values (927,9027);
insert into cheltuieli_ingrijitori values (928,9028);
insert into cheltuieli_ingrijitori values (929,9029);
insert into cheltuieli_ingrijitori values (930,9030);
insert into cheltuieli_ingrijitori values (931,9031);
insert into cheltuieli_ingrijitori values (932,9032);
insert into cheltuieli_ingrijitori values (933,9033);
insert into cheltuieli_ingrijitori values (934,9034);
insert into cheltuieli_ingrijitori values (935,9035);
insert into cheltuieli_ingrijitori values (936,9036);
insert into cheltuieli_ingrijitori values (937,9037);
insert into cheltuieli_ingrijitori values (938,9038);
insert into cheltuieli_ingrijitori values (939,9039);
insert into cheltuieli_ingrijitori values (940,9040);
insert into cheltuieli_ingrijitori values (941,9041);
insert into cheltuieli_ingrijitori values (942,9042);
insert into cheltuieli_ingrijitori values (943,9043);
insert into cheltuieli_ingrijitori values (944,9044);
insert into cheltuieli_ingrijitori values (945,9045);
insert into cheltuieli_ingrijitori values (946,9046);
insert into cheltuieli_ingrijitori values (947,9047);
insert into cheltuieli_ingrijitori values (948,9048);
insert into cheltuieli_ingrijitori values (949,9049);
insert into cheltuieli_ingrijitori values (950,9050);
insert into cheltuieli_ingrijitori values (951,9051);
insert into cheltuieli_ingrijitori values (952,9052);
insert into cheltuieli_ingrijitori values (953,9053);
insert into cheltuieli_ingrijitori values (954,9054);
insert into cheltuieli_ingrijitori values (955,9055);
insert into cheltuieli_ingrijitori values (956,9056);
insert into cheltuieli_ingrijitori values (957,9057);
insert into cheltuieli_ingrijitori values (958,9058);
insert into cheltuieli_ingrijitori values (959,9059);
insert into cheltuieli_ingrijitori values (960,9060);

insert into cheltuieli_tratamente values (600,6000);
insert into cheltuieli_tratamente values (601,6001);
insert into cheltuieli_tratamente values (602,6002);
insert into cheltuieli_tratamente values (603,6003);
insert into cheltuieli_tratamente values (604,6004);
insert into cheltuieli_tratamente values (605,6005);
insert into cheltuieli_tratamente values (606,6006);
insert into cheltuieli_tratamente values (607,6007);
insert into cheltuieli_tratamente values (608,6008);
insert into cheltuieli_tratamente values (609,6009);
insert into cheltuieli_tratamente values (610,6010);
